<?xml version="1.0" encoding="UTF-8"?>
<project-private xmlns="http://www.netbeans.org/ns/project-private/1">
    <editor-bookmarks xmlns="http://www.netbeans.org/ns/editor-bookmarks/2" lastBookmarkId="1">
        <file>
            <url>src/arquitecturas/analisis/AlineamientoSecuencia.java</url>
            <bookmark id="1">
                <name/>
                <line>40</line>
                <key/>
            </bookmark>
        </file>
    </editor-bookmarks>
    <open-files xmlns="http://www.netbeans.org/ns/projectui-open-files/2">
        <group>
            <file>file:/C:/Users/carol/OneDrive/Documentos/NetBeansProjects/ARQUITECTURAS/src/arquitecturas/reporte/builder/ReporteBuilder.java</file>
            <file>file:/C:/Users/carol/OneDrive/Documentos/NetBeansProjects/ARQUITECTURAS/src/arquitecturas/analisis/AnalisisFactory.java</file>
            <file>file:/C:/Users/carol/OneDrive/Documentos/NetBeansProjects/ARQUITECTURAS/src/arquitecturas/reporte/builder/GeneradorReporteBuilder.java</file>
            <file>file:/C:/Users/carol/OneDrive/Documentos/NetBeansProjects/ARQUITECTURAS/src/arquitecturas/modelo/Fachada.java</file>
            <file>file:/C:/Users/carol/OneDrive/Documentos/NetBeansProjects/ARQUITECTURAS/src/arquitecturas/ARQUITECTURAS.java</file>
        </group>
    </open-files>
</project-private>
